,ID_NUMBER,NAME,BU,PROJECT NAME,TASK,DESCRIPTION,NATIONALITY,WORKERS'TRADE,SKILL,START,END,MEALS,REMARKS,ACTUAL HOURS,ACCOUNTABLE HOURS
0,G8401155Q,MONDOL SUJAN,KS,T21667 GIMI,KS-DAY SHIFT A -wef 200801,"To carry out engine room 1st,2nd,3rd,4th and tank top burn mark electrical and piping support power tooling and painting",BANGLADESHI,Painter,SEMI SKILLED,01/09/2021,01/09/2021,0,,14,17.0
1,G8816972M,RASID HARUNUR,KS,T21667 GIMI,KS-DAY SHIFT A -wef 200801,"To carry out engine room 1st,2nd,3rd,4th and tank top burn mark electrical and piping support power tooling and painting",BANGLADESHI,Painter,SEMI SKILLED,01/09/2021,01/09/2021,0,,14,17.0
2,G8817902T,YOUNUS,KS,T21667 GIMI,KS-DAY SHIFT A -wef 200801,"To carry out engine room 1st,2nd,3rd,4th and tank top burn mark electrical and piping support power tooling and painting",BANGLADESHI,Painter,SEMI SKILLED,01/09/2021,01/09/2021,0,,14,17.0
3,G8820951L,MONDOL MD ROBBEL,KS,T21667 GIMI,KS-DAY SHIFT A -wef 200801,"To carry out engine room 1st,2nd,3rd,4th and tank top burn mark electrical and piping support power tooling and painting",BANGLADESHI,Painter,SEMI SKILLED,01/09/2021,01/09/2021,0,,9,9.5
4,G8834916X,SARDAR TIPON,KS,T21667 GIMI,KS-DAY SHIFT A -wef 200801,"To carry out engine room 1st,2nd,3rd,4th and tank top burn mark electrical and piping support power tooling and painting",BANGLADESHI,Painter,SEMI SKILLED,01/09/2021,01/09/2021,0,,14,17.0
5,G8892516K,ISLAM MAZARUL,KS,T21667 GIMI,KS-DAY SHIFT A -wef 200801,"To carry out engine room 1st,2nd,3rd,4th and tank top burn mark electrical and piping support power tooling and painting",BANGLADESHI,Painter,SEMI SKILLED,01/09/2021,01/09/2021,0,,14,17.0
6,G8104182U,SHAHADAT,KS,T21667 GIMI,KS-DAY SHIFT A -wef 200801,"To carry out engine room 1st,2nd,3rd,4th and tank top burn mark electrical and piping support power tooling and painting",BANGLADESHI,Supervisor,SEMI SKILLED,01/09/2021,01/09/2021,0,,14,17.0
