,ID_NUMBER,NAME,BU,PROJECT NAME,TASK,DESCRIPTION,NATIONALITY,WORKERS'TRADE,SKILL,START,END,MEALS,REMARKS,ACTUAL HOURS,ACCOUNTABLE HOURS
0,G8401155Q,MONDOL SUJAN,KS,T21667 GIMI,KS-DAY SHIFT A -wef 200801,"To carry out engine room 1st,2nd,3rd,4th and tank top burn mark electrical and piping support power tooling and painting",BANGLADESHI,Painter,SEMI SKILLED,01/09/2021         07:30,01/09/2021   23:00,0,,14.0,17.0
1,G8816972M,RASID HARUNUR,KS,T21667 GIMI,KS-DAY SHIFT A -wef 200801,"To carry out engine room 1st,2nd,3rd,4th and tank top burn mark electrical and piping support power tooling and painting",BANGLADESHI,Painter,SEMI SKILLED,01/09/2021         07:30,01/09/2021   23:00,0,,14.0,17.0
2,G8817902T,YOUNUS,KS,T21667 GIMI,KS-DAY SHIFT A -wef 200801,"To carry out engine room 1st,2nd,3rd,4th and tank top burn mark electrical and piping support power tooling and painting",BANGLADESHI,Painter,SEMI SKILLED,01/09/2021         07:30,01/09/2021   23:00,0,,14.0,17.0
3,G8820951L,MONDOL MD ROBBEL,KS,T21667 GIMI,KS-DAY SHIFT A -wef 200801,"To carry out engine room 1st,2nd,3rd,4th and tank top burn mark electrical and piping support power tooling and painting",BANGLADESHI,Painter,SEMI SKILLED,01/09/2021         07:30,01/09/2021   17:30,0,,9.0,9.5
4,G8834916X,SARDAR TIPON,KS,T21667 GIMI,KS-DAY SHIFT A -wef 200801,"To carry out engine room 1st,2nd,3rd,4th and tank top burn mark electrical and piping support power tooling and painting",BANGLADESHI,Painter,SEMI SKILLED,01/09/2021         07:30,01/09/2021   23:00,0,,14.0,17.0
5,G8892516K,ISLAM MAZARUL,KS,T21667 GIMI,KS-DAY SHIFT A -wef 200801,"To carry out engine room 1st,2nd,3rd,4th and tank top burn mark electrical and piping support power tooling and painting",BANGLADESHI,Painter,SEMI SKILLED,01/09/2021         07:30,01/09/2021   23:00,0,,14.0,17.0
6,G8104182U,SHAHADAT,KS,T21667 GIMI,KS-DAY SHIFT A -wef 200801,"To carry out engine room 1st,2nd,3rd,4th and tank top burn mark electrical and piping support power tooling and painting",BANGLADESHI,Supervisor,SEMI SKILLED,01/09/2021   07:30,01/09/2021   23:00,0,,14.0,17.0
7,G8104182U,SHAHADAT,KS,T21667 GIMI,KS-DAY SHIFT A -wef 200801,"To carry out engine room 1st,2nd,3rd,4th and tank top burn mark electrical and piping support power tooling and painting",BANGLADESHI,Supervisor,SEMI SKILLED,02/09/2021   07:30,02/09/2021   17:30,0,,9.0,9.5
8,G8892516K,ISLAM MAZARUL,KS,T21667 GIMI,KS-DAY SHIFT A -wef 200801,"To carry out engine room 1st,2nd,3rd,4th and tank top burn mark electrical and piping support power tooling and painting",BANGLADESHI,Painter,SEMI SKILLED,02/09/2021   07:30,02/09/2021   18:30,0,,10.0,11.0
9,G8834916X,SARDAR TIPON,KS,T21667 GIMI,KS-DAY SHIFT A -wef 200801,"To carry out engine room 1st,2nd,3rd,4th and tank top burn mark electrical and piping support power tooling and painting",BANGLADESHI,Painter,SEMI SKILLED,02/09/2021   07:30,02/09/2021   17:30,0,,9.0,9.5
10,G8820951L,MONDOL MD ROBBEL,KS,T21667 GIMI,KS-DAY SHIFT A -wef 200801,"To carry out engine room 1st,2nd,3rd,4th and tank top burn mark electrical and piping support power tooling and painting",BANGLADESHI,Painter,SEMI SKILLED,02/09/2021   07:30,02/09/2021   17:30,0,,9.0,9.5
11,G8817902T,YOUNUS,KS,T21667 GIMI,KS-DAY SHIFT A -wef 200801,"To carry out engine room 1st,2nd,3rd,4th and tank top burn mark electrical and piping support power tooling and painting",BANGLADESHI,Painter,SEMI SKILLED,02/09/2021   07:30,02/09/2021   18:30,0,,10.0,11.0
12,G8817065U,NAIM MD,KS,T21667 GIMI,KS-DAY SHIFT A -wef 200801,"To carry out engine room 1st,2nd,3rd,4th and tank top burn mark electrical and piping support power tooling and painting",BANGLADESHI,Painter,SEMI SKILLED,02/09/2021   07:30,02/09/2021   17:30,0,,9.0,9.5
13,G8816972M,RASID HARUNUR,KS,T21667 GIMI,KS-DAY SHIFT A -wef 200801,"To carry out engine room 1st,2nd,3rd,4th and tank top burn mark electrical and piping support power tooling and painting",BANGLADESHI,Painter,SEMI SKILLED,02/09/2021   07:30,02/09/2021   17:30,0,,9.0,9.5
14,G8816799L,ISLAM DIDAR,KS,T21667 GIMI,KS-DAY SHIFT A -wef 200801,"To carry out engine room 1st,2nd,3rd,4th and tank top burn mark electrical and piping support power tooling and painting",BANGLADESHI,Painter,SEMI SKILLED,02/09/2021   07:30,02/09/2021   18:30,0,,10.0,11.0
15,G8401155Q,MONDOL SUJAN,KS,T21667 GIMI,KS-DAY SHIFT A -wef 200801,"To carry out engine room 1st,2nd,3rd,4th and tank top burn mark electrical and piping support power tooling and painting",BANGLADESHI,Painter,SEMI SKILLED,02/09/2021   07:30,02/09/2021   18:30,0,,10.0,11.0
16,G8816711U,SARDER MD HAFIZUL,KS,T21667 GIMI,KS-DAY SHIFT A -wef 200801,"To carry out engine room 1st,2nd,3rd,4th and tank top burn mark electrical and piping support power tooling and painting",BANGLADESHI,Painter,SEMI SKILLED,02/09/2021   07:30,02/09/2021   18:30,0,,10.0,11.0
17,G8816711U,SARDER MD HAFIZUL,KS,T21667 GIMI,KS-DAY SHIFT A -wef 200801,"To carry out engine room 1st,2nd,3rd,4th and tank top burn mark electrical and piping support power tooling and painting",BANGLADESHI,Painter,SEMI SKILLED,03/09/2021   07:30,03/09/2021   18:30,0,,10.0,13.0
18,G8816799L,ISLAM DIDAR,KS,T21667 GIMI,KS-DAY SHIFT A -wef 200801,"To carry out engine room 1st,2nd,3rd,4th and tank top burn mark electrical and piping support power tooling and painting",BANGLADESHI,Painter,SEMI SKILLED,03/09/2021   07:30,03/09/2021   18:30,0,,10.0,13.0
19,G8816972M,RASID HARUNUR,KS,T21667 GIMI,KS-DAY SHIFT A -wef 200801,"To carry out engine room 1st,2nd,3rd,4th and tank top burn mark electrical and piping support power tooling and painting",BANGLADESHI,Painter,SEMI SKILLED,03/09/2021   07:30,03/09/2021   18:30,0,,10.0,13.0
20,G8817065U,NAIM MD,KS,T21667 GIMI,KS-DAY SHIFT A -wef 200801,"To carry out engine room 1st,2nd,3rd,4th and tank top burn mark electrical and piping support power tooling and painting",BANGLADESHI,Painter,SEMI SKILLED,03/09/2021   12:08,03/09/2021   18:30,0,,6.0,9.0
21,G8817902T,YOUNUS,KS,T21667 GIMI,KS-DAY SHIFT A -wef 200801,"To carry out engine room 1st,2nd,3rd,4th and tank top burn mark electrical and piping support power tooling and painting",BANGLADESHI,Painter,SEMI SKILLED,03/09/2021   12:07,03/09/2021   18:30,0,,6.0,9.0
22,G8820951L,MONDOL MD ROBBEL,KS,T21667 GIMI,KS-DAY SHIFT A -wef 200801,"To carry out engine room 1st,2nd,3rd,4th and tank top burn mark electrical and piping support power tooling and painting",BANGLADESHI,Painter,SEMI SKILLED,03/09/2021   07:30,03/09/2021   18:30,0,,10.0,13.0
23,G8834916X,SARDAR TIPON,KS,T21667 GIMI,KS-DAY SHIFT A -wef 200801,"To carry out engine room 1st,2nd,3rd,4th and tank top burn mark electrical and piping support power tooling and painting",BANGLADESHI,Painter,SEMI SKILLED,03/09/2021   07:30,03/09/2021   18:30,0,,10.0,13.0
24,G8892516K,ISLAM MAZARUL,KS,T21667 GIMI,KS-DAY SHIFT A -wef 200801,"To carry out engine room 1st,2nd,3rd,4th and tank top burn mark electrical and piping support power tooling and painting",BANGLADESHI,Painter,SEMI SKILLED,03/09/2021   07:30,03/09/2021   18:30,0,,10.0,13.0
25,G8104182U,SHAHADAT,KS,T21667 GIMI,KS-DAY SHIFT A -wef 200801,"To carry out engine room 1st,2nd,3rd,4th and tank top burn mark electrical and piping support power tooling and painting",BANGLADESHI,Supervisor,SEMI SKILLED,03/09/2021   12:07,03/09/2021   18:30,0,,6.0,9.0
26,G8104182U,SHAHADAT,KS,T21667 GIMI,KS-DAY SHIFT A -wef 200801,"To carry out engine room 1st,2nd,3rd,4th and tank top burn mark electrical and piping support power tooling and painting",BANGLADESHI,Supervisor,SEMI SKILLED,04/09/2021   07:30,04/09/2021   19:00,0,,10.0,20.0
27,G8892516K,ISLAM MAZARUL,KS,T21667 GIMI,KS-DAY SHIFT A -wef 200801,"To carry out engine room 1st,2nd,3rd,4th and tank top burn mark electrical and piping support power tooling and painting",BANGLADESHI,Painter,SEMI SKILLED,04/09/2021   07:30,04/09/2021   19:00,0,,10.0,20.0
28,G8834916X,SARDAR TIPON,KS,T21667 GIMI,KS-DAY SHIFT A -wef 200801,"To carry out engine room 1st,2nd,3rd,4th and tank top burn mark electrical and piping support power tooling and painting",BANGLADESHI,Painter,SEMI SKILLED,04/09/2021   07:30,04/09/2021   19:00,0,,10.0,20.0
29,G8820951L,MONDOL MD ROBBEL,KS,T21667 GIMI,KS-DAY SHIFT A -wef 200801,"To carry out engine room 1st,2nd,3rd,4th and tank top burn mark electrical and piping support power tooling and painting",BANGLADESHI,Painter,SEMI SKILLED,04/09/2021   07:30,04/09/2021   19:00,0,,10.0,20.0
30,G8817902T,YOUNUS,KS,T21667 GIMI,KS-DAY SHIFT A -wef 200801,"To carry out engine room 1st,2nd,3rd,4th and tank top burn mark electrical and piping support power tooling and painting",BANGLADESHI,Painter,SEMI SKILLED,04/09/2021   07:30,04/09/2021   19:00,0,,10.0,20.0
31,G8817065U,NAIM MD,KS,T21667 GIMI,KS-DAY SHIFT A -wef 200801,"To carry out engine room 1st,2nd,3rd,4th and tank top burn mark electrical and piping support power tooling and painting",BANGLADESHI,Painter,SEMI SKILLED,04/09/2021   07:30,04/09/2021   19:00,0,,10.0,20.0
32,G8816972M,RASID HARUNUR,KS,T21667 GIMI,KS-DAY SHIFT A -wef 200801,"To carry out engine room 1st,2nd,3rd,4th and tank top burn mark electrical and piping support power tooling and painting",BANGLADESHI,Painter,SEMI SKILLED,04/09/2021   13:11,04/09/2021   19:00,0,,5.3,10.6
33,G8816799L,ISLAM DIDAR,KS,T21667 GIMI,KS-DAY SHIFT A -wef 200801,"To carry out engine room 1st,2nd,3rd,4th and tank top burn mark electrical and piping support power tooling and painting",BANGLADESHI,Painter,SEMI SKILLED,04/09/2021   07:30,04/09/2021   19:00,0,,10.0,20.0
34,G8816711U,SARDER MD HAFIZUL,KS,T21667 GIMI,KS-DAY SHIFT A -wef 200801,"To carry out engine room 1st,2nd,3rd,4th and tank top burn mark electrical and piping support power tooling and painting",BANGLADESHI,Painter,SEMI SKILLED,04/09/2021   13:11,04/09/2021   19:00,0,,5.3,10.6
35,G8401155Q,MONDOL SUJAN,KS,T21667 GIMI,KS-DAY SHIFT A -wef 200801,"To carry out engine room 1st,2nd,3rd,4th and tank top burn mark electrical and piping support power tooling and painting",BANGLADESHI,Painter,SEMI SKILLED,04/09/2021   07:30,04/09/2021   19:00,0,,10.0,20.0
36,G8401155Q,MONDOL SUJAN,KS,T21667 GIMI,KS-DAY SHIFT A -wef 200801,"To carry out engine room 1st,2nd,3rd,4th and tank top burn mark electrical and piping support power tooling and painting",BANGLADESHI,Painter,SEMI SKILLED,05/09/2021   07:30,05/09/2021   19:00,0,,10.0,11.0
37,G8816711U,SARDER MD HAFIZUL,KS,T21667 GIMI,KS-DAY SHIFT A -wef 200801,"To carry out engine room 1st,2nd,3rd,4th and tank top burn mark electrical and piping support power tooling and painting",BANGLADESHI,Painter,SEMI SKILLED,05/09/2021   07:30,05/09/2021   19:00,0,,10.0,11.0
38,G8816799L,ISLAM DIDAR,KS,T21667 GIMI,KS-DAY SHIFT A -wef 200801,"To carry out engine room 1st,2nd,3rd,4th and tank top burn mark electrical and piping support power tooling and painting",BANGLADESHI,Painter,SEMI SKILLED,05/09/2021   07:30,05/09/2021   19:00,0,,10.0,11.0
39,G8816972M,RASID HARUNUR,KS,T21667 GIMI,KS-DAY SHIFT A -wef 200801,"To carry out engine room 1st,2nd,3rd,4th and tank top burn mark electrical and piping support power tooling and painting",BANGLADESHI,Painter,SEMI SKILLED,05/09/2021   07:30,05/09/2021   19:00,0,,10.0,11.0
40,G8817065U,NAIM MD,KS,T21667 GIMI,KS-DAY SHIFT A -wef 200801,"To carry out engine room 1st,2nd,3rd,4th and tank top burn mark electrical and piping support power tooling and painting",BANGLADESHI,Painter,SEMI SKILLED,05/09/2021   07:30,05/09/2021   19:00,0,,10.0,11.0
41,G8817902T,YOUNUS,KS,T21667 GIMI,KS-DAY SHIFT A -wef 200801,"To carry out engine room 1st,2nd,3rd,4th and tank top burn mark electrical and piping support power tooling and painting",BANGLADESHI,Painter,SEMI SKILLED,05/09/2021   07:30,05/09/2021   19:00,0,,10.0,11.0
42,G8820951L,MONDOL MD ROBBEL,KS,T21667 GIMI,KS-DAY SHIFT A -wef 200801,"To carry out engine room 1st,2nd,3rd,4th and tank top burn mark electrical and piping support power tooling and painting",BANGLADESHI,Painter,SEMI SKILLED,05/09/2021   07:30,05/09/2021   19:00,0,,10.0,11.0
43,G8834916X,SARDAR TIPON,KS,T21667 GIMI,KS-DAY SHIFT A -wef 200801,"To carry out engine room 1st,2nd,3rd,4th and tank top burn mark electrical and piping support power tooling and painting",BANGLADESHI,Painter,SEMI SKILLED,05/09/2021   07:30,05/09/2021   19:00,0,,10.0,11.0
44,G8892516K,ISLAM MAZARUL,KS,T21667 GIMI,KS-DAY SHIFT A -wef 200801,"To carry out engine room 1st,2nd,3rd,4th and tank top burn mark electrical and piping support power tooling and painting",BANGLADESHI,Painter,SEMI SKILLED,05/09/2021   07:30,05/09/2021   19:00,0,,10.0,11.0
45,G8104182U,SHAHADAT,KS,T21667 GIMI,KS-DAY SHIFT A -wef 200801,"To carry out engine room 1st,2nd,3rd,4th and tank top burn mark electrical and piping support power tooling and painting",BANGLADESHI,Supervisor,SEMI SKILLED,05/09/2021   07:30,05/09/2021   19:00,0,,10.0,11.0
46,G8104182U,SHAHADAT,KS,T21667 GIMI,KS-DAY SHIFT A -wef 200801,"To carry out engine room 1st,2nd,3rd,4th and tank top burn mark electrical and piping support power tooling and painting",BANGLADESHI,Supervisor,SEMI SKILLED,06/09/2021   07:30,06/09/2021   19:00,0,,10.0,11.0
47,G8892516K,ISLAM MAZARUL,KS,T21667 GIMI,KS-DAY SHIFT A -wef 200801,"To carry out engine room 1st,2nd,3rd,4th and tank top burn mark electrical and piping support power tooling and painting",BANGLADESHI,Painter,SEMI SKILLED,06/09/2021   07:30,06/09/2021   19:00,0,,10.0,11.0
48,G8834916X,SARDAR TIPON,KS,T21667 GIMI,KS-DAY SHIFT A -wef 200801,"To carry out engine room 1st,2nd,3rd,4th and tank top burn mark electrical and piping support power tooling and painting",BANGLADESHI,Painter,SEMI SKILLED,06/09/2021   12:14,06/09/2021   19:00,0,,6.0,7.0
49,G8817902T,YOUNUS,KS,T21667 GIMI,KS-DAY SHIFT A -wef 200801,"To carry out engine room 1st,2nd,3rd,4th and tank top burn mark electrical and piping support power tooling and painting",BANGLADESHI,Painter,SEMI SKILLED,06/09/2021   07:30,06/09/2021   19:00,0,,10.0,11.0
50,G8816972M,RASID HARUNUR,KS,T21667 GIMI,KS-DAY SHIFT A -wef 200801,"To carry out engine room 1st,2nd,3rd,4th and tank top burn mark electrical and piping support power tooling and painting",BANGLADESHI,Painter,SEMI SKILLED,06/09/2021   07:30,06/09/2021   19:00,0,,10.0,11.0
51,G8816799L,ISLAM DIDAR,KS,T21667 GIMI,KS-DAY SHIFT A -wef 200801,"To carry out engine room 1st,2nd,3rd,4th and tank top burn mark electrical and piping support power tooling and painting",BANGLADESHI,Painter,SEMI SKILLED,06/09/2021   07:30,06/09/2021   19:00,0,,10.0,11.0
52,G8401155Q,MONDOL SUJAN,KS,T21667 GIMI,KS-DAY SHIFT A -wef 200801,"To carry out engine room 1st,2nd,3rd,4th and tank top burn mark electrical and piping support power tooling and painting",BANGLADESHI,Painter,SEMI SKILLED,06/09/2021   12:14,06/09/2021   19:00,0,,6.0,7.0
53,G8401155Q,MONDOL SUJAN,KS,T21667 GIMI,KS-DAY SHIFT A -wef 200801,"To carry out engine room 1st,2nd,3rd,4th and tank top burn mark electrical and piping support power tooling and painting",BANGLADESHI,Painter,SEMI SKILLED,07/09/2021   07:30,07/09/2021   23:00,0,,14.0,17.0
54,G8816711U,SARDER MD HAFIZUL,KS,T21667 GIMI,KS-DAY SHIFT A -wef 200801,"To carry out engine room 1st,2nd,3rd,4th and tank top burn mark electrical and piping support power tooling and painting",BANGLADESHI,Painter,SEMI SKILLED,07/09/2021   07:30,07/09/2021   19:00,0,,10.0,11.0
55,G8816799L,ISLAM DIDAR,KS,T21667 GIMI,KS-DAY SHIFT A -wef 200801,"To carry out engine room 1st,2nd,3rd,4th and tank top burn mark electrical and piping support power tooling and painting",BANGLADESHI,Painter,SEMI SKILLED,07/09/2021   12:22,07/09/2021   23:00,0,,10.0,13.0
56,G8816972M,RASID HARUNUR,KS,T21667 GIMI,KS-DAY SHIFT A -wef 200801,"To carry out engine room 1st,2nd,3rd,4th and tank top burn mark electrical and piping support power tooling and painting",BANGLADESHI,Painter,SEMI SKILLED,07/09/2021   07:30,07/09/2021   23:00,0,,14.0,17.0
57,G8817902T,YOUNUS,KS,T21667 GIMI,KS-DAY SHIFT A -wef 200801,"To carry out engine room 1st,2nd,3rd,4th and tank top burn mark electrical and piping support power tooling and painting",BANGLADESHI,Painter,SEMI SKILLED,07/09/2021   07:30,07/09/2021   23:00,0,,14.0,17.0
58,G8817065U,NAIM MD,KS,T21667 GIMI,KS-DAY SHIFT A -wef 200801,"To carry out engine room 1st,2nd,3rd,4th and tank top burn mark electrical and piping support power tooling and painting",BANGLADESHI,Painter,SEMI SKILLED,07/09/2021   07:30,07/09/2021   19:00,0,,10.0,11.0
59,G8834916X,SARDAR TIPON,KS,T21667 GIMI,KS-DAY SHIFT A -wef 200801,"To carry out engine room 1st,2nd,3rd,4th and tank top burn mark electrical and piping support power tooling and painting",BANGLADESHI,Painter,SEMI SKILLED,07/09/2021   07:30,07/09/2021   23:00,0,,14.0,17.0
60,G8820951L,MONDOL MD ROBBEL,KS,T21667 GIMI,KS-DAY SHIFT A -wef 200801,"To carry out engine room 1st,2nd,3rd,4th and tank top burn mark electrical and piping support power tooling and painting",BANGLADESHI,Painter,SEMI SKILLED,07/09/2021   07:30,07/09/2021   23:00,0,,14.0,17.0
61,G8892516K,ISLAM MAZARUL,KS,T21667 GIMI,KS-DAY SHIFT A -wef 200801,"To carry out engine room 1st,2nd,3rd,4th and tank top burn mark electrical and piping support power tooling and painting",BANGLADESHI,Painter,SEMI SKILLED,07/09/2021   12:22,07/09/2021   23:00,0,,10.0,13.0
62,G8104182U,SHAHADAT,KS,T21667 GIMI,KS-DAY SHIFT A -wef 200801,"To carry out engine room 1st,2nd,3rd,4th and tank top burn mark electrical and piping support power tooling and painting",BANGLADESHI,Supervisor,SEMI SKILLED,07/09/2021   07:30,07/09/2021   23:00,0,,14.0,17.0
63,G8104182U,SHAHADAT,KS,T21667 GIMI,KS-DAY SHIFT A -wef 200801,"To carry out engine room 1st,2nd,3rd,4th and tank top burn mark electrical and piping support power tooling and painting",BANGLADESHI,Supervisor,SEMI SKILLED,08/09/2021   07:30,08/09/2021   17:30,0,,9.0,9.5
64,G8892516K,ISLAM MAZARUL,KS,T21667 GIMI,KS-DAY SHIFT A -wef 200801,"To carry out engine room 1st,2nd,3rd,4th and tank top burn mark electrical and piping support power tooling and painting",BANGLADESHI,Painter,SEMI SKILLED,08/09/2021   07:30,08/09/2021   17:30,0,,9.0,9.5
65,G8820951L,MONDOL MD ROBBEL,KS,T21667 GIMI,KS-DAY SHIFT A -wef 200801,"To carry out engine room 1st,2nd,3rd,4th and tank top burn mark electrical and piping support power tooling and painting",BANGLADESHI,Painter,SEMI SKILLED,08/09/2021   07:30,08/09/2021   17:30,0,,9.0,9.5
66,G8834916X,SARDAR TIPON,KS,T21667 GIMI,KS-DAY SHIFT A -wef 200801,"To carry out engine room 1st,2nd,3rd,4th and tank top burn mark electrical and piping support power tooling and painting",BANGLADESHI,Painter,SEMI SKILLED,08/09/2021   07:30,08/09/2021   23:00,0,,14.0,17.0
67,G8817065U,NAIM MD,KS,T21667 GIMI,KS-DAY SHIFT A -wef 200801,"To carry out engine room 1st,2nd,3rd,4th and tank top burn mark electrical and piping support power tooling and painting",BANGLADESHI,Painter,SEMI SKILLED,08/09/2021   07:30,08/09/2021   23:00,0,,14.0,17.0
68,G8817902T,YOUNUS,KS,T21667 GIMI,KS-DAY SHIFT A -wef 200801,"To carry out engine room 1st,2nd,3rd,4th and tank top burn mark electrical and piping support power tooling and painting",BANGLADESHI,Painter,SEMI SKILLED,08/09/2021   07:30,08/09/2021   23:00,0,,14.0,17.0
69,G8816972M,RASID HARUNUR,KS,T21667 GIMI,KS-DAY SHIFT A -wef 200801,"To carry out engine room 1st,2nd,3rd,4th and tank top burn mark electrical and piping support power tooling and painting",BANGLADESHI,Painter,SEMI SKILLED,08/09/2021   07:30,08/09/2021   17:30,0,,9.0,9.5
70,G8816799L,ISLAM DIDAR,KS,T21667 GIMI,KS-DAY SHIFT A -wef 200801,"To carry out engine room 1st,2nd,3rd,4th and tank top burn mark electrical and piping support power tooling and painting",BANGLADESHI,Painter,SEMI SKILLED,08/09/2021   07:30,08/09/2021   23:00,0,,14.0,17.0
71,G8816711U,SARDER MD HAFIZUL,KS,T21667 GIMI,KS-DAY SHIFT A -wef 200801,"To carry out engine room 1st,2nd,3rd,4th and tank top burn mark electrical and piping support power tooling and painting",BANGLADESHI,Painter,SEMI SKILLED,08/09/2021   07:30,08/09/2021   23:00,0,,14.0,17.0
72,G8401155Q,MONDOL SUJAN,KS,T21667 GIMI,KS-DAY SHIFT A -wef 200801,"To carry out engine room 1st,2nd,3rd,4th and tank top burn mark electrical and piping support power tooling and painting",BANGLADESHI,Painter,SEMI SKILLED,08/09/2021   07:30,08/09/2021   17:30,0,,9.0,9.5
73,G8401155Q,MONDOL SUJAN,KS,T21667 GIMI,KS-DAY SHIFT A -wef 200801,"To carry out engine room 1st,2nd,3rd,4th and tank top burn mark electrical and piping support power tooling and painting",BANGLADESHI,Painter,SEMI SKILLED,09/09/2021   07:30,09/09/2021   18:30,0,,10.0,11.0
74,G8816711U,SARDER MD HAFIZUL,KS,T21667 GIMI,KS-DAY SHIFT A -wef 200801,"To carry out engine room 1st,2nd,3rd,4th and tank top burn mark electrical and piping support power tooling and painting",BANGLADESHI,Painter,SEMI SKILLED,09/09/2021   07:30,09/09/2021   18:30,0,,10.0,11.0
75,G8816799L,ISLAM DIDAR,KS,T21667 GIMI,KS-DAY SHIFT A -wef 200801,"To carry out engine room 1st,2nd,3rd,4th and tank top burn mark electrical and piping support power tooling and painting",BANGLADESHI,Painter,SEMI SKILLED,09/09/2021   07:30,09/09/2021   18:30,0,,10.0,11.0
76,G8816972M,RASID HARUNUR,KS,T21667 GIMI,KS-DAY SHIFT A -wef 200801,"To carry out engine room 1st,2nd,3rd,4th and tank top burn mark electrical and piping support power tooling and painting",BANGLADESHI,Painter,SEMI SKILLED,09/09/2021   07:30,09/09/2021   18:30,0,,10.0,11.0
77,G8817902T,YOUNUS,KS,T21667 GIMI,KS-DAY SHIFT A -wef 200801,"To carry out engine room 1st,2nd,3rd,4th and tank top burn mark electrical and piping support power tooling and painting",BANGLADESHI,Painter,SEMI SKILLED,09/09/2021   07:30,09/09/2021   18:30,0,,10.0,11.0
78,G8817065U,NAIM MD,KS,T21667 GIMI,KS-DAY SHIFT A -wef 200801,"To carry out engine room 1st,2nd,3rd,4th and tank top burn mark electrical and piping support power tooling and painting",BANGLADESHI,Painter,SEMI SKILLED,09/09/2021   07:30,09/09/2021   18:30,0,,10.0,11.0
79,G8834916X,SARDAR TIPON,KS,T21667 GIMI,KS-DAY SHIFT A -wef 200801,"To carry out engine room 1st,2nd,3rd,4th and tank top burn mark electrical and piping support power tooling and painting",BANGLADESHI,Painter,SEMI SKILLED,09/09/2021   07:30,09/09/2021   18:30,0,,10.0,11.0
80,G8820951L,MONDOL MD ROBBEL,KS,T21667 GIMI,KS-DAY SHIFT A -wef 200801,"To carry out engine room 1st,2nd,3rd,4th and tank top burn mark electrical and piping support power tooling and painting",BANGLADESHI,Painter,SEMI SKILLED,09/09/2021   07:30,09/09/2021   18:30,0,,10.0,11.0
81,G8892516K,ISLAM MAZARUL,KS,T21667 GIMI,KS-DAY SHIFT A -wef 200801,"To carry out engine room 1st,2nd,3rd,4th and tank top burn mark electrical and piping support power tooling and painting",BANGLADESHI,Painter,SEMI SKILLED,09/09/2021   07:30,09/09/2021   18:30,0,,10.0,11.0
82,G8104182U,SHAHADAT,KS,T21667 GIMI,KS-DAY SHIFT A -wef 200801,"To carry out engine room 1st,2nd,3rd,4th and tank top burn mark electrical and piping support power tooling and painting",BANGLADESHI,Supervisor,SEMI SKILLED,09/09/2021   07:30,09/09/2021   18:30,0,,10.0,11.0
83,G8104182U,SHAHADAT,KS,T21667 GIMI,KS-DAY SHIFT A -wef 200801,"To carry out engine room 1st,2nd,3rd,4th and tank top burn mark electrical and piping support power tooling and painting",BANGLADESHI,Supervisor,SEMI SKILLED,10/09/2021   12:09,10/09/2021   19:00,0,,6.0,9.0
84,G8892516K,ISLAM MAZARUL,KS,T21667 GIMI,KS-DAY SHIFT A -wef 200801,"To carry out engine room 1st,2nd,3rd,4th and tank top burn mark electrical and piping support power tooling and painting",BANGLADESHI,Painter,SEMI SKILLED,10/09/2021   07:30,10/09/2021   17:30,0,,9.0,11.5
85,G8834916X,SARDAR TIPON,KS,T21667 GIMI,KS-DAY SHIFT A -wef 200801,"To carry out engine room 1st,2nd,3rd,4th and tank top burn mark electrical and piping support power tooling and painting",BANGLADESHI,Painter,SEMI SKILLED,10/09/2021   07:30,10/09/2021   19:00,0,,10.0,13.0
86,G8817065U,NAIM MD,KS,T21667 GIMI,KS-DAY SHIFT A -wef 200801,"To carry out engine room 1st,2nd,3rd,4th and tank top burn mark electrical and piping support power tooling and painting",BANGLADESHI,Painter,SEMI SKILLED,10/09/2021   12:09,10/09/2021   19:00,0,,6.0,9.0
87,G8817902T,YOUNUS,KS,T21667 GIMI,KS-DAY SHIFT A -wef 200801,"To carry out engine room 1st,2nd,3rd,4th and tank top burn mark electrical and piping support power tooling and painting",BANGLADESHI,Painter,SEMI SKILLED,10/09/2021   12:09,10/09/2021   17:30,0,,5.0,7.5
88,G8816972M,RASID HARUNUR,KS,T21667 GIMI,KS-DAY SHIFT A -wef 200801,"To carry out engine room 1st,2nd,3rd,4th and tank top burn mark electrical and piping support power tooling and painting",BANGLADESHI,Painter,SEMI SKILLED,10/09/2021   07:30,10/09/2021   19:00,0,,10.0,13.0
89,G8816799L,ISLAM DIDAR,KS,T21667 GIMI,KS-DAY SHIFT A -wef 200801,"To carry out engine room 1st,2nd,3rd,4th and tank top burn mark electrical and piping support power tooling and painting",BANGLADESHI,Painter,SEMI SKILLED,10/09/2021   07:30,10/09/2021   19:00,0,,10.0,13.0
90,G8816711U,SARDER MD HAFIZUL,KS,T21667 GIMI,KS-DAY SHIFT A -wef 200801,"To carry out engine room 1st,2nd,3rd,4th and tank top burn mark electrical and piping support power tooling and painting",BANGLADESHI,Painter,SEMI SKILLED,10/09/2021   07:30,10/09/2021   19:00,0,,10.0,13.0
91,G8401155Q,MONDOL SUJAN,KS,T21667 GIMI,KS-DAY SHIFT A -wef 200801,"To carry out engine room 1st,2nd,3rd,4th and tank top burn mark electrical and piping support power tooling and painting",BANGLADESHI,Painter,SEMI SKILLED,10/09/2021   07:30,10/09/2021   19:00,0,,10.0,13.0
92,G8401155Q,MONDOL SUJAN,KS,T21667 GIMI,KS-DAY SHIFT A -wef 200801,"To carry out engine room 1st,2nd,3rd,4th and tank top burn mark electrical and piping support power tooling and painting",BANGLADESHI,Painter,SEMI SKILLED,11/09/2021   12:06,11/09/2021   19:00,0,,6.0,12.0
93,G8816711U,SARDER MD HAFIZUL,KS,T21667 GIMI,KS-DAY SHIFT A -wef 200801,"To carry out engine room 1st,2nd,3rd,4th and tank top burn mark electrical and piping support power tooling and painting",BANGLADESHI,Painter,SEMI SKILLED,11/09/2021   12:06,11/09/2021   19:00,0,,6.0,12.0
94,G8816799L,ISLAM DIDAR,KS,T21667 GIMI,KS-DAY SHIFT A -wef 200801,"To carry out engine room 1st,2nd,3rd,4th and tank top burn mark electrical and piping support power tooling and painting",BANGLADESHI,Painter,SEMI SKILLED,11/09/2021   07:30,11/09/2021   17:30,0,,9.0,18.0
95,G8816972M,RASID HARUNUR,KS,T21667 GIMI,KS-DAY SHIFT A -wef 200801,"To carry out engine room 1st,2nd,3rd,4th and tank top burn mark electrical and piping support power tooling and painting",BANGLADESHI,Painter,SEMI SKILLED,11/09/2021   12:06,11/09/2021   19:00,0,,6.0,12.0
96,G8817902T,YOUNUS,KS,T21667 GIMI,KS-DAY SHIFT A -wef 200801,"To carry out engine room 1st,2nd,3rd,4th and tank top burn mark electrical and piping support power tooling and painting",BANGLADESHI,Painter,SEMI SKILLED,11/09/2021   07:30,11/09/2021   19:00,0,,10.0,20.0
97,G8817065U,NAIM MD,KS,T21667 GIMI,KS-DAY SHIFT A -wef 200801,"To carry out engine room 1st,2nd,3rd,4th and tank top burn mark electrical and piping support power tooling and painting",BANGLADESHI,Painter,SEMI SKILLED,11/09/2021   07:30,11/09/2021   19:00,0,,10.0,20.0
98,G8834916X,SARDAR TIPON,KS,T21667 GIMI,KS-DAY SHIFT A -wef 200801,"To carry out engine room 1st,2nd,3rd,4th and tank top burn mark electrical and piping support power tooling and painting",BANGLADESHI,Painter,SEMI SKILLED,11/09/2021   12:06,11/09/2021   19:00,0,,6.0,12.0
99,G8820951L,MONDOL MD ROBBEL,KS,T21667 GIMI,KS-DAY SHIFT A -wef 200801,"To carry out engine room 1st,2nd,3rd,4th and tank top burn mark electrical and piping support power tooling and painting",BANGLADESHI,Painter,SEMI SKILLED,11/09/2021   12:06,11/09/2021   17:30,0,,5.0,10.0
100,G8892516K,ISLAM MAZARUL,KS,T21667 GIMI,KS-DAY SHIFT A -wef 200801,"To carry out engine room 1st,2nd,3rd,4th and tank top burn mark electrical and piping support power tooling and painting",BANGLADESHI,Painter,SEMI SKILLED,11/09/2021   07:30,11/09/2021   19:00,0,,10.0,20.0
101,G8104182U,SHAHADAT,KS,T21667 GIMI,KS-DAY SHIFT A -wef 200801,"To carry out engine room 1st,2nd,3rd,4th and tank top burn mark electrical and piping support power tooling and painting",BANGLADESHI,Supervisor,SEMI SKILLED,11/09/2021   07:30,11/09/2021   19:00,0,,10.0,20.0
102,G8104182U,SHAHADAT,KS,T21667 GIMI,KS-DAY SHIFT A -wef 200801,"To carry out engine room 1st,2nd,3rd,4th and tank top burn mark electrical and piping support power tooling and painting",BANGLADESHI,Supervisor,SEMI SKILLED,12/09/2021   07:30,12/09/2021   18:30,0,,10.0,11.0
103,G8820951L,MONDOL MD ROBBEL,KS,T21667 GIMI,KS-DAY SHIFT A -wef 200801,"To carry out engine room 1st,2nd,3rd,4th and tank top burn mark electrical and piping support power tooling and painting",BANGLADESHI,Painter,SEMI SKILLED,12/09/2021   07:30,12/09/2021   17:30,0,,9.0,9.5
104,G8834916X,SARDAR TIPON,KS,T21667 GIMI,KS-DAY SHIFT A -wef 200801,"To carry out engine room 1st,2nd,3rd,4th and tank top burn mark electrical and piping support power tooling and painting",BANGLADESHI,Painter,SEMI SKILLED,12/09/2021   07:30,12/09/2021   17:30,0,,9.0,9.5
105,G8817065U,NAIM MD,KS,T21667 GIMI,KS-DAY SHIFT A -wef 200801,"To carry out engine room 1st,2nd,3rd,4th and tank top burn mark electrical and piping support power tooling and painting",BANGLADESHI,Painter,SEMI SKILLED,12/09/2021   07:30,12/09/2021   17:30,0,,9.0,9.5
106,G8817902T,YOUNUS,KS,T21667 GIMI,KS-DAY SHIFT A -wef 200801,"To carry out engine room 1st,2nd,3rd,4th and tank top burn mark electrical and piping support power tooling and painting",BANGLADESHI,Painter,SEMI SKILLED,12/09/2021   07:30,12/09/2021   17:30,0,,9.0,9.5
107,G8816972M,RASID HARUNUR,KS,T21667 GIMI,KS-DAY SHIFT A -wef 200801,"To carry out engine room 1st,2nd,3rd,4th and tank top burn mark electrical and piping support power tooling and painting",BANGLADESHI,Painter,SEMI SKILLED,12/09/2021   07:30,12/09/2021   17:30,0,,9.0,9.5
108,G8816711U,SARDER MD HAFIZUL,KS,T21667 GIMI,KS-DAY SHIFT A -wef 200801,"To carry out engine room 1st,2nd,3rd,4th and tank top burn mark electrical and piping support power tooling and painting",BANGLADESHI,Painter,SEMI SKILLED,12/09/2021   07:30,12/09/2021   18:30,0,,10.0,11.0
109,G8401155Q,MONDOL SUJAN,KS,T21667 GIMI,KS-DAY SHIFT A -wef 200801,"To carry out engine room 1st,2nd,3rd,4th and tank top burn mark electrical and piping support power tooling and painting",BANGLADESHI,Painter,SEMI SKILLED,12/09/2021   07:30,12/09/2021   17:30,0,,9.0,9.5
110,G8401155Q,MONDOL SUJAN,KS,T21667 GIMI,KS-DAY SHIFT A -wef 200801,"To carry out engine room 1st,2nd,3rd,4th and tank top burn mark electrical and piping support power tooling and painting",BANGLADESHI,Painter,SEMI SKILLED,13/09/2021   07:30,13/09/2021   18:30,0,,10.0,11.0
111,G8816711U,SARDER MD HAFIZUL,KS,T21667 GIMI,KS-DAY SHIFT A -wef 200801,"To carry out engine room 1st,2nd,3rd,4th and tank top burn mark electrical and piping support power tooling and painting",BANGLADESHI,Painter,SEMI SKILLED,13/09/2021   07:30,13/09/2021   17:30,0,,9.0,9.5
112,G8816972M,RASID HARUNUR,KS,T21667 GIMI,KS-DAY SHIFT A -wef 200801,"To carry out engine room 1st,2nd,3rd,4th and tank top burn mark electrical and piping support power tooling and painting",BANGLADESHI,Painter,SEMI SKILLED,13/09/2021   07:30,13/09/2021   18:30,0,,10.0,11.0
113,G8817902T,YOUNUS,KS,T21667 GIMI,KS-DAY SHIFT A -wef 200801,"To carry out engine room 1st,2nd,3rd,4th and tank top burn mark electrical and piping support power tooling and painting",BANGLADESHI,Painter,SEMI SKILLED,13/09/2021   07:30,13/09/2021   17:30,0,,9.0,9.5
114,G8817065U,NAIM MD,KS,T21667 GIMI,KS-DAY SHIFT A -wef 200801,"To carry out engine room 1st,2nd,3rd,4th and tank top burn mark electrical and piping support power tooling and painting",BANGLADESHI,Painter,SEMI SKILLED,13/09/2021   07:30,13/09/2021   18:30,0,,10.0,11.0
115,G8834916X,SARDAR TIPON,KS,T21667 GIMI,KS-DAY SHIFT A -wef 200801,"To carry out engine room 1st,2nd,3rd,4th and tank top burn mark electrical and piping support power tooling and painting",BANGLADESHI,Painter,SEMI SKILLED,13/09/2021   07:30,13/09/2021   18:30,0,,10.0,11.0
116,G8820951L,MONDOL MD ROBBEL,KS,T21667 GIMI,KS-DAY SHIFT A -wef 200801,"To carry out engine room 1st,2nd,3rd,4th and tank top burn mark electrical and piping support power tooling and painting",BANGLADESHI,Painter,SEMI SKILLED,13/09/2021   07:30,13/09/2021   17:30,0,,9.0,9.5
117,G8104182U,SHAHADAT,KS,T21667 GIMI,KS-DAY SHIFT A -wef 200801,"To carry out engine room 1st,2nd,3rd,4th and tank top burn mark electrical and piping support power tooling and painting",BANGLADESHI,Supervisor,SEMI SKILLED,13/09/2021   07:30,13/09/2021   18:30,0,,10.0,11.0
118,G8892516K,ISLAM MAZARUL,KS,T21667 GIMI,KS-DAY SHIFT A -wef 200801,"To carry out engine room 1st,2nd,3rd,4th and tank top burn mark electrical and piping support power tooling and painting",BANGLADESHI,Painter,SEMI SKILLED,13/09/2021   07:30,13/09/2021   18:30,0,,10.0,11.0
119,G8892516K,ISLAM MAZARUL,KS,T21667 GIMI,KS-DAY SHIFT A -wef 200801,"To carry out engine room 1st,2nd,3rd,4th and tank top burn mark electrical and piping support power tooling and painting",BANGLADESHI,Painter,SEMI SKILLED,20/09/2021   07:30,20/09/2021   18:30,0,,10.0,11.0
120,G8104182U,SHAHADAT,KS,T21667 GIMI,KS-DAY SHIFT A -wef 200801,"To carry out engine room 1st,2nd,3rd,4th and tank top burn mark electrical and piping support power tooling and painting",BANGLADESHI,Supervisor,SEMI SKILLED,20/09/2021   07:30,20/09/2021   18:30,0,,10.0,11.0
121,G8820951L,MONDOL MD ROBBEL,KS,T21667 GIMI,KS-DAY SHIFT A -wef 200801,"To carry out engine room 1st,2nd,3rd,4th and tank top burn mark electrical and piping support power tooling and painting",BANGLADESHI,Painter,SEMI SKILLED,20/09/2021   07:30,20/09/2021   18:30,0,,10.0,11.0
122,G8834916X,SARDAR TIPON,KS,T21667 GIMI,KS-DAY SHIFT A -wef 200801,"To carry out engine room 1st,2nd,3rd,4th and tank top burn mark electrical and piping support power tooling and painting",BANGLADESHI,Painter,SEMI SKILLED,20/09/2021   07:30,20/09/2021   18:30,0,,10.0,11.0
123,G8817065U,NAIM MD,KS,T21667 GIMI,KS-DAY SHIFT A -wef 200801,"To carry out engine room 1st,2nd,3rd,4th and tank top burn mark electrical and piping support power tooling and painting",BANGLADESHI,Painter,SEMI SKILLED,20/09/2021   07:30,20/09/2021   18:30,0,,10.0,11.0
124,G8817902T,YOUNUS,KS,T21667 GIMI,KS-DAY SHIFT A -wef 200801,"To carry out engine room 1st,2nd,3rd,4th and tank top burn mark electrical and piping support power tooling and painting",BANGLADESHI,Painter,SEMI SKILLED,20/09/2021   07:30,20/09/2021   18:30,0,,10.0,11.0
125,G8816972M,RASID HARUNUR,KS,T21667 GIMI,KS-DAY SHIFT A -wef 200801,"To carry out engine room 1st,2nd,3rd,4th and tank top burn mark electrical and piping support power tooling and painting",BANGLADESHI,Painter,SEMI SKILLED,20/09/2021   07:30,20/09/2021   18:30,0,,10.0,11.0
126,G8816799L,ISLAM DIDAR,KS,T21667 GIMI,KS-DAY SHIFT A -wef 200801,"To carry out engine room 1st,2nd,3rd,4th and tank top burn mark electrical and piping support power tooling and painting",BANGLADESHI,Painter,SEMI SKILLED,20/09/2021   07:30,20/09/2021   18:30,0,,10.0,11.0
127,G8816711U,SARDER MD HAFIZUL,KS,T21667 GIMI,KS-DAY SHIFT A -wef 200801,"To carry out engine room 1st,2nd,3rd,4th and tank top burn mark electrical and piping support power tooling and painting",BANGLADESHI,Painter,SEMI SKILLED,20/09/2021   07:30,20/09/2021   18:30,0,,10.0,11.0
128,G8401155Q,MONDOL SUJAN,KS,T21667 GIMI,KS-DAY SHIFT A -wef 200801,"To carry out engine room 1st,2nd,3rd,4th and tank top burn mark electrical and piping support power tooling and painting",BANGLADESHI,Painter,SEMI SKILLED,20/09/2021   07:30,20/09/2021   18:30,0,,10.0,11.0
129,G8401155Q,MONDOL SUJAN,KS,T21667 GIMI,KS-DAY SHIFT A -wef 200801,"To carry out engine room 1st,2nd,3rd,4th and tank top burn mark electrical and piping support power tooling and painting",BANGLADESHI,Painter,SEMI SKILLED,21/09/2021   07:30,21/09/2021   12:30,0,,4.0,4.0
130,G8816711U,SARDER MD HAFIZUL,KS,T21667 GIMI,KS-DAY SHIFT A -wef 200801,"To carry out engine room 1st,2nd,3rd,4th and tank top burn mark electrical and piping support power tooling and painting",BANGLADESHI,Painter,SEMI SKILLED,21/09/2021   07:30,21/09/2021   12:30,0,,4.0,4.0
131,G8816972M,RASID HARUNUR,KS,T21667 GIMI,KS-DAY SHIFT A -wef 200801,"To carry out engine room 1st,2nd,3rd,4th and tank top burn mark electrical and piping support power tooling and painting",BANGLADESHI,Painter,SEMI SKILLED,21/09/2021   07:30,21/09/2021   12:30,0,,4.0,4.0
132,G8817902T,YOUNUS,KS,T21667 GIMI,KS-DAY SHIFT A -wef 200801,"To carry out engine room 1st,2nd,3rd,4th and tank top burn mark electrical and piping support power tooling and painting",BANGLADESHI,Painter,SEMI SKILLED,21/09/2021   07:30,21/09/2021   12:30,0,,4.0,4.0
133,G8817065U,NAIM MD,KS,T21667 GIMI,KS-DAY SHIFT A -wef 200801,"To carry out engine room 1st,2nd,3rd,4th and tank top burn mark electrical and piping support power tooling and painting",BANGLADESHI,Painter,SEMI SKILLED,21/09/2021   07:30,21/09/2021   12:30,0,,4.0,4.0
134,G8834916X,SARDAR TIPON,KS,T21667 GIMI,KS-DAY SHIFT A -wef 200801,"To carry out engine room 1st,2nd,3rd,4th and tank top burn mark electrical and piping support power tooling and painting",BANGLADESHI,Painter,SEMI SKILLED,21/09/2021   07:30,21/09/2021   12:30,0,,4.0,4.0
135,G8820951L,MONDOL MD ROBBEL,KS,T21667 GIMI,KS-DAY SHIFT A -wef 200801,"To carry out engine room 1st,2nd,3rd,4th and tank top burn mark electrical and piping support power tooling and painting",BANGLADESHI,Painter,SEMI SKILLED,21/09/2021   07:30,21/09/2021   12:30,0,,4.0,4.0
136,G8104182U,SHAHADAT,KS,T21667 GIMI,KS-DAY SHIFT A -wef 200801,"To carry out engine room 1st,2nd,3rd,4th and tank top burn mark electrical and piping support power tooling and painting",BANGLADESHI,Supervisor,SEMI SKILLED,21/09/2021   07:30,21/09/2021   12:30,0,,4.0,4.0
137,G8104182U,SHAHADAT,KS,T21667 GIMI,KS-DAY SHIFT A -wef 200801,"To carry out engine room 1st,2nd,3rd,4th and tank top burn mark electrical and piping support power tooling and painting",BANGLADESHI,Supervisor,SEMI SKILLED,22/09/2021   07:30,22/09/2021   18:30,0,,10.0,11.0
138,G2743717L,SRINIVASAN VIJAYARAJ,KS,T21667 GIMI,KS-DAY SHIFT A -wef 200801,"To carry out engine room 1st,2nd,3rd,4th and tank top burn mark electrical and piping support power tooling and painting",INDIAN,Helper /,General SEMI SKILLED,22/09/2021   07:30,22/09/2021   18:30,0,,10.0,11.0
139,G3174762M,PERUMAL RAMARAJA,KS,T21667 GIMI,KS-DAY SHIFT A -wef 200801,"To carry out engine room 1st,2nd,3rd,4th and tank top burn mark electrical and piping support power tooling and painting",INDIAN,Helper /,General SEMI SKILLED,22/09/2021   07:30,22/09/2021   18:30,0,,10.0,11.0
140,G7109251N,VELU MUTHAIYAN,KS,T21667 GIMI,KS-DAY SHIFT A -wef 200801,"To carry out engine room 1st,2nd,3rd,4th and tank top burn mark electrical and piping support power tooling and painting",INDIAN,Supervisor,SKILLED,22/09/2021   07:30,22/09/2021   18:30,0,,10.0,11.0
141,G8834916X,SARDAR TIPON,KS,T21667 GIMI,KS-DAY SHIFT A -wef 200801,"To carry out engine room 1st,2nd,3rd,4th and tank top burn mark electrical and piping support power tooling and painting",BANGLADESHI,Painter,SEMI SKILLED,22/09/2021   07:30,22/09/2021   18:30,0,,10.0,11.0
142,G8817065U,NAIM MD,KS,T21667 GIMI,KS-DAY SHIFT A -wef 200801,"To carry out engine room 1st,2nd,3rd,4th and tank top burn mark electrical and piping support power tooling and painting",BANGLADESHI,Painter,SEMI SKILLED,22/09/2021   07:30,22/09/2021   18:30,0,,10.0,11.0
143,G8817902T,YOUNUS,KS,T21667 GIMI,KS-DAY SHIFT A -wef 200801,"To carry out engine room 1st,2nd,3rd,4th and tank top burn mark electrical and piping support power tooling and painting",BANGLADESHI,Painter,SEMI SKILLED,22/09/2021   07:30,22/09/2021   18:30,0,,10.0,11.0
144,G8816972M,RASID HARUNUR,KS,T21667 GIMI,KS-DAY SHIFT A -wef 200801,"To carry out engine room 1st,2nd,3rd,4th and tank top burn mark electrical and piping support power tooling and painting",BANGLADESHI,Painter,SEMI SKILLED,22/09/2021   07:30,22/09/2021   18:30,0,,10.0,11.0
145,G8816711U,SARDER MD HAFIZUL,KS,T21667 GIMI,KS-DAY SHIFT A -wef 200801,"To carry out engine room 1st,2nd,3rd,4th and tank top burn mark electrical and piping support power tooling and painting",BANGLADESHI,Painter,SEMI SKILLED,22/09/2021   07:30,22/09/2021   18:30,0,,10.0,11.0
146,G8816711U,SARDER MD HAFIZUL,KS,T21667 GIMI,KS-DAY SHIFT A -wef 200801,"To carry out engine room 1st,2nd,3rd,4th and tank top burn mark electrical and piping support power tooling and painting",BANGLADESHI,Painter,SEMI SKILLED,23/09/2021   07:30,23/09/2021   18:30,0,,10.0,11.0
147,G8401155Q,MONDOL SUJAN,KS,T21667 GIMI,KS-DAY SHIFT A -wef 200801,"To carry out engine room 1st,2nd,3rd,4th and tank top burn mark electrical and piping support power tooling and painting",BANGLADESHI,Painter,SEMI SKILLED,23/09/2021   07:30,23/09/2021   18:30,0,,10.0,11.0
148,G8816972M,RASID HARUNUR,KS,T21667 GIMI,KS-DAY SHIFT A -wef 200801,"To carry out engine room 1st,2nd,3rd,4th and tank top burn mark electrical and piping support power tooling and painting",BANGLADESHI,Painter,SEMI SKILLED,23/09/2021   07:30,23/09/2021   18:30,0,,10.0,11.0
149,G8816799L,ISLAM DIDAR,KS,T21667 GIMI,KS-DAY SHIFT A -wef 200801,"To carry out engine room 1st,2nd,3rd,4th and tank top burn mark electrical and piping support power tooling and painting",BANGLADESHI,Painter,SEMI SKILLED,23/09/2021   07:30,23/09/2021   18:30,0,,10.0,11.0
150,G8817902T,YOUNUS,KS,T21667 GIMI,KS-DAY SHIFT A -wef 200801,"To carry out engine room 1st,2nd,3rd,4th and tank top burn mark electrical and piping support power tooling and painting",BANGLADESHI,Painter,SEMI SKILLED,23/09/2021   07:30,23/09/2021   18:30,0,,10.0,11.0
151,G8817065U,NAIM MD,KS,T21667 GIMI,KS-DAY SHIFT A -wef 200801,"To carry out engine room 1st,2nd,3rd,4th and tank top burn mark electrical and piping support power tooling and painting",BANGLADESHI,Painter,SEMI SKILLED,23/09/2021   07:30,23/09/2021   18:30,0,,10.0,11.0
152,G8834916X,SARDAR TIPON,KS,T21667 GIMI,KS-DAY SHIFT A -wef 200801,"To carry out engine room 1st,2nd,3rd,4th and tank top burn mark electrical and piping support power tooling and painting",BANGLADESHI,Painter,SEMI SKILLED,23/09/2021   07:30,23/09/2021   18:30,0,,10.0,11.0
153,G8820951L,MONDOL MD ROBBEL,KS,T21667 GIMI,KS-DAY SHIFT A -wef 200801,"To carry out engine room 1st,2nd,3rd,4th and tank top burn mark electrical and piping support power tooling and painting",BANGLADESHI,Painter,SEMI SKILLED,23/09/2021   07:30,23/09/2021   18:30,0,,10.0,11.0
154,G8104182U,SHAHADAT,KS,T21667 GIMI,KS-DAY SHIFT A -wef 200801,"To carry out engine room 1st,2nd,3rd,4th and tank top burn mark electrical and piping support power tooling and painting",BANGLADESHI,Supervisor,SEMI SKILLED,23/09/2021   07:30,23/09/2021   18:30,0,,10.0,11.0
155,G8892516K,ISLAM MAZARUL,KS,T21667 GIMI,KS-DAY SHIFT A -wef 200801,"To carry out engine room 1st,2nd,3rd,4th and tank top burn mark electrical and piping support power tooling and painting",BANGLADESHI,Painter,SEMI SKILLED,23/09/2021   07:30,23/09/2021   18:30,0,,10.0,11.0
156,G8892516K,ISLAM MAZARUL,KS,T21667 GIMI,KS-DAY SHIFT A -wef 200801,"To carry out engine room 1st,2nd,3rd,4th and tank top burn mark electrical and piping support power tooling and painting",BANGLADESHI,Painter,SEMI SKILLED,24/09/2021   07:30,24/09/2021   18:30,0,,10.0,13.0
157,G8104182U,SHAHADAT,KS,T21667 GIMI,KS-DAY SHIFT A -wef 200801,"To carry out engine room 1st,2nd,3rd,4th and tank top burn mark electrical and piping support power tooling and painting",BANGLADESHI,Supervisor,SEMI SKILLED,24/09/2021   12:21,24/09/2021   18:30,0,,6.0,9.0
158,G8820951L,MONDOL MD ROBBEL,KS,T21667 GIMI,KS-DAY SHIFT A -wef 200801,"To carry out engine room 1st,2nd,3rd,4th and tank top burn mark electrical and piping support power tooling and painting",BANGLADESHI,Painter,SEMI SKILLED,24/09/2021   07:30,24/09/2021   18:30,0,,10.0,13.0
159,G8834916X,SARDAR TIPON,KS,T21667 GIMI,KS-DAY SHIFT A -wef 200801,"To carry out engine room 1st,2nd,3rd,4th and tank top burn mark electrical and piping support power tooling and painting",BANGLADESHI,Painter,SEMI SKILLED,24/09/2021   07:30,24/09/2021   18:30,0,,10.0,13.0
160,G8817065U,NAIM MD,KS,T21667 GIMI,KS-DAY SHIFT A -wef 200801,"To carry out engine room 1st,2nd,3rd,4th and tank top burn mark electrical and piping support power tooling and painting",BANGLADESHI,Painter,SEMI SKILLED,24/09/2021   12:21,24/09/2021   18:30,0,,6.0,9.0
161,G8817902T,YOUNUS,KS,T21667 GIMI,KS-DAY SHIFT A -wef 200801,"To carry out engine room 1st,2nd,3rd,4th and tank top burn mark electrical and piping support power tooling and painting",BANGLADESHI,Painter,SEMI SKILLED,24/09/2021   12:21,24/09/2021   18:30,0,,6.0,9.0
162,G8816799L,ISLAM DIDAR,KS,T21667 GIMI,KS-DAY SHIFT A -wef 200801,"To carry out engine room 1st,2nd,3rd,4th and tank top burn mark electrical and piping support power tooling and painting",BANGLADESHI,Painter,SEMI SKILLED,24/09/2021   07:30,24/09/2021   18:30,0,,10.0,13.0
163,G8816972M,RASID HARUNUR,KS,T21667 GIMI,KS-DAY SHIFT A -wef 200801,"To carry out engine room 1st,2nd,3rd,4th and tank top burn mark electrical and piping support power tooling and painting",BANGLADESHI,Painter,SEMI SKILLED,24/09/2021   07:30,24/09/2021   18:30,0,,10.0,13.0
164,G8401155Q,MONDOL SUJAN,KS,T21667 GIMI,KS-DAY SHIFT A -wef 200801,"To carry out engine room 1st,2nd,3rd,4th and tank top burn mark electrical and piping support power tooling and painting",BANGLADESHI,Painter,SEMI SKILLED,24/09/2021   07:30,24/09/2021   18:30,0,,10.0,13.0
165,G8816711U,SARDER MD HAFIZUL,KS,T21667 GIMI,KS-DAY SHIFT A -wef 200801,"To carry out engine room 1st,2nd,3rd,4th and tank top burn mark electrical and piping support power tooling and painting",BANGLADESHI,Painter,SEMI SKILLED,24/09/2021   07:30,24/09/2021   18:30,0,,10.0,13.0
166,G8816711U,SARDER MD HAFIZUL,KS,T21667 GIMI,KS-DAY SHIFT A -wef 200801,"To carry out engine room 1st,2nd,3rd,4th and tank top burn mark electrical and piping support power tooling and painting",BANGLADESHI,Painter,SEMI SKILLED,25/09/2021   12:05,25/09/2021   18:30,0,,6.0,12.0
167,G8401155Q,MONDOL SUJAN,KS,T21667 GIMI,KS-DAY SHIFT A -wef 200801,"To carry out engine room 1st,2nd,3rd,4th and tank top burn mark electrical and piping support power tooling and painting",BANGLADESHI,Painter,SEMI SKILLED,25/09/2021   12:05,25/09/2021   18:30,0,,6.0,12.0
168,G8816972M,RASID HARUNUR,KS,T21667 GIMI,KS-DAY SHIFT A -wef 200801,"To carry out engine room 1st,2nd,3rd,4th and tank top burn mark electrical and piping support power tooling and painting",BANGLADESHI,Painter,SEMI SKILLED,25/09/2021   12:05,25/09/2021   18:30,0,,6.0,12.0
169,G8816799L,ISLAM DIDAR,KS,T21667 GIMI,KS-DAY SHIFT A -wef 200801,"To carry out engine room 1st,2nd,3rd,4th and tank top burn mark electrical and piping support power tooling and painting",BANGLADESHI,Painter,SEMI SKILLED,25/09/2021   12:05,25/09/2021   18:30,0,,6.0,12.0
170,G8817902T,YOUNUS,KS,T21667 GIMI,KS-DAY SHIFT A -wef 200801,"To carry out engine room 1st,2nd,3rd,4th and tank top burn mark electrical and piping support power tooling and painting",BANGLADESHI,Painter,SEMI SKILLED,25/09/2021   07:30,25/09/2021   18:30,0,,10.0,20.0
171,G8817065U,NAIM MD,KS,T21667 GIMI,KS-DAY SHIFT A -wef 200801,"To carry out engine room 1st,2nd,3rd,4th and tank top burn mark electrical and piping support power tooling and painting",BANGLADESHI,Painter,SEMI SKILLED,25/09/2021   07:30,25/09/2021   18:30,0,,10.0,20.0
172,G8834916X,SARDAR TIPON,KS,T21667 GIMI,KS-DAY SHIFT A -wef 200801,"To carry out engine room 1st,2nd,3rd,4th and tank top burn mark electrical and piping support power tooling and painting",BANGLADESHI,Painter,SEMI SKILLED,25/09/2021   12:05,25/09/2021   18:30,0,,6.0,12.0
173,G8820951L,MONDOL MD ROBBEL,KS,T21667 GIMI,KS-DAY SHIFT A -wef 200801,"To carry out engine room 1st,2nd,3rd,4th and tank top burn mark electrical and piping support power tooling and painting",BANGLADESHI,Painter,SEMI SKILLED,25/09/2021   12:05,25/09/2021   18:30,0,,6.0,12.0
174,G8104182U,SHAHADAT,KS,T21667 GIMI,KS-DAY SHIFT A -wef 200801,"To carry out engine room 1st,2nd,3rd,4th and tank top burn mark electrical and piping support power tooling and painting",BANGLADESHI,Supervisor,SEMI SKILLED,25/09/2021   07:30,25/09/2021   18:30,0,,10.0,20.0
175,G8892516K,ISLAM MAZARUL,KS,T21667 GIMI,KS-DAY SHIFT A -wef 200801,"To carry out engine room 1st,2nd,3rd,4th and tank top burn mark electrical and piping support power tooling and painting",BANGLADESHI,Painter,SEMI SKILLED,25/09/2021   07:30,25/09/2021   18:30,0,,10.0,20.0
176,G8892516K,ISLAM MAZARUL,KS,T21667 GIMI,KS-DAY SHIFT A -wef 200801,"To carry out engine room 1st,2nd,3rd,4th and tank top burn mark electrical and piping support power tooling and painting",BANGLADESHI,Painter,SEMI SKILLED,26/09/2021   07:30,26/09/2021   18:30,0,,10.0,11.0
177,G8104182U,SHAHADAT,KS,T21667 GIMI,KS-DAY SHIFT A -wef 200801,"To carry out engine room 1st,2nd,3rd,4th and tank top burn mark electrical and piping support power tooling and painting",BANGLADESHI,Supervisor,SEMI SKILLED,26/09/2021   07:30,26/09/2021   18:30,0,,10.0,11.0
178,G8820951L,MONDOL MD ROBBEL,KS,T21667 GIMI,KS-DAY SHIFT A -wef 200801,"To carry out engine room 1st,2nd,3rd,4th and tank top burn mark electrical and piping support power tooling and painting",BANGLADESHI,Painter,SEMI SKILLED,26/09/2021   07:30,26/09/2021   18:30,0,,10.0,11.0
179,G8834916X,SARDAR TIPON,KS,T21667 GIMI,KS-DAY SHIFT A -wef 200801,"To carry out engine room 1st,2nd,3rd,4th and tank top burn mark electrical and piping support power tooling and painting",BANGLADESHI,Painter,SEMI SKILLED,26/09/2021   07:30,26/09/2021   18:30,0,,10.0,11.0
180,G8817065U,NAIM MD,KS,T21667 GIMI,KS-DAY SHIFT A -wef 200801,"To carry out engine room 1st,2nd,3rd,4th and tank top burn mark electrical and piping support power tooling and painting",BANGLADESHI,Painter,SEMI SKILLED,26/09/2021   07:30,26/09/2021   18:30,0,,10.0,11.0
181,G8817902T,YOUNUS,KS,T21667 GIMI,KS-DAY SHIFT A -wef 200801,"To carry out engine room 1st,2nd,3rd,4th and tank top burn mark electrical and piping support power tooling and painting",BANGLADESHI,Painter,SEMI SKILLED,26/09/2021   07:30,26/09/2021   18:30,0,,10.0,11.0
182,G8816799L,ISLAM DIDAR,KS,T21667 GIMI,KS-DAY SHIFT A -wef 200801,"To carry out engine room 1st,2nd,3rd,4th and tank top burn mark electrical and piping support power tooling and painting",BANGLADESHI,Painter,SEMI SKILLED,26/09/2021   07:30,26/09/2021   18:30,0,,10.0,11.0
183,G8816972M,RASID HARUNUR,KS,T21667 GIMI,KS-DAY SHIFT A -wef 200801,"To carry out engine room 1st,2nd,3rd,4th and tank top burn mark electrical and piping support power tooling and painting",BANGLADESHI,Painter,SEMI SKILLED,26/09/2021   07:30,26/09/2021   18:30,0,,10.0,11.0
184,G8401155Q,MONDOL SUJAN,KS,T21667 GIMI,KS-DAY SHIFT A -wef 200801,"To carry out engine room 1st,2nd,3rd,4th and tank top burn mark electrical and piping support power tooling and painting",BANGLADESHI,Painter,SEMI SKILLED,26/09/2021   07:30,26/09/2021   18:30,0,,10.0,11.0
185,G8816711U,SARDER MD HAFIZUL,KS,T21667 GIMI,KS-DAY SHIFT A -wef 200801,"To carry out engine room 1st,2nd,3rd,4th and tank top burn mark electrical and piping support power tooling and painting",BANGLADESHI,Painter,SEMI SKILLED,26/09/2021   07:30,26/09/2021   18:30,0,,10.0,11.0
186,G8816711U,SARDER MD HAFIZUL,KS,T21667 GIMI,KS-DAY SHIFT A -wef 200801,"To carry out engine room 1st,2nd,3rd,4th and tank top burn mark electrical and piping support power tooling and painting",BANGLADESHI,Painter,SEMI SKILLED,27/09/2021   07:30,27/09/2021   17:30,0,,9.0,9.5
187,G8401155Q,MONDOL SUJAN,KS,T21667 GIMI,KS-DAY SHIFT A -wef 200801,"To carry out engine room 1st,2nd,3rd,4th and tank top burn mark electrical and piping support power tooling and painting",BANGLADESHI,Painter,SEMI SKILLED,27/09/2021   07:30,27/09/2021   17:30,0,,9.0,9.5
188,G8816972M,RASID HARUNUR,KS,T21667 GIMI,KS-DAY SHIFT A -wef 200801,"To carry out engine room 1st,2nd,3rd,4th and tank top burn mark electrical and piping support power tooling and painting",BANGLADESHI,Painter,SEMI SKILLED,27/09/2021   07:30,27/09/2021   17:30,0,,9.0,9.5
189,G8816799L,ISLAM DIDAR,KS,T21667 GIMI,KS-DAY SHIFT A -wef 200801,"To carry out engine room 1st,2nd,3rd,4th and tank top burn mark electrical and piping support power tooling and painting",BANGLADESHI,Painter,SEMI SKILLED,27/09/2021   07:30,27/09/2021   17:30,0,,9.0,9.5
190,G8817902T,YOUNUS,KS,T21667 GIMI,KS-DAY SHIFT A -wef 200801,"To carry out engine room 1st,2nd,3rd,4th and tank top burn mark electrical and piping support power tooling and painting",BANGLADESHI,Painter,SEMI SKILLED,27/09/2021   07:30,27/09/2021   17:30,0,,9.0,9.5
191,G8817065U,NAIM MD,KS,T21667 GIMI,KS-DAY SHIFT A -wef 200801,"To carry out engine room 1st,2nd,3rd,4th and tank top burn mark electrical and piping support power tooling and painting",BANGLADESHI,Painter,SEMI SKILLED,27/09/2021   07:30,27/09/2021   17:30,0,,9.0,9.5
192,G8834916X,SARDAR TIPON,KS,T21667 GIMI,KS-DAY SHIFT A -wef 200801,"To carry out engine room 1st,2nd,3rd,4th and tank top burn mark electrical and piping support power tooling and painting",BANGLADESHI,Painter,SEMI SKILLED,27/09/2021   07:30,27/09/2021   17:30,0,,9.0,9.5
193,G8104182U,SHAHADAT,KS,T21667 GIMI,KS-DAY SHIFT A -wef 200801,"To carry out engine room 1st,2nd,3rd,4th and tank top burn mark electrical and piping support power tooling and painting",BANGLADESHI,Supervisor,SEMI SKILLED,27/09/2021   07:30,27/09/2021   17:30,0,,9.0,9.5
194,G8892516K,ISLAM MAZARUL,KS,T21667 GIMI,KS-DAY SHIFT A -wef 200801,"To carry out engine room 1st,2nd,3rd,4th and tank top burn mark electrical and piping support power tooling and painting",BANGLADESHI,Painter,SEMI SKILLED,27/09/2021   07:30,27/09/2021   17:30,0,,9.0,9.5
195,G8892516K,ISLAM MAZARUL,KS,T21667 GIMI,KS-DAY SHIFT A -wef 200801,"To carry out engine room 1st,2nd,3rd,4th and tank top burn mark electrical and piping support power tooling and painting",BANGLADESHI,Painter,SEMI SKILLED,28/09/2021   13:07,28/09/2021   18:30,0,,5.4,6.4
196,G8104182U,SHAHADAT,KS,T21667 GIMI,KS-DAY SHIFT A -wef 200801,"To carry out engine room 1st,2nd,3rd,4th and tank top burn mark electrical and piping support power tooling and painting",BANGLADESHI,Supervisor,SEMI SKILLED,28/09/2021   07:30,28/09/2021   18:30,0,,10.0,11.0
197,G8834916X,SARDAR TIPON,KS,T21667 GIMI,KS-DAY SHIFT A -wef 200801,"To carry out engine room 1st,2nd,3rd,4th and tank top burn mark electrical and piping support power tooling and painting",BANGLADESHI,Painter,SEMI SKILLED,28/09/2021   07:30,28/09/2021   18:30,0,,10.0,11.0
198,G8820951L,MONDOL MD ROBBEL,KS,T21667 GIMI,KS-DAY SHIFT A -wef 200801,"To carry out engine room 1st,2nd,3rd,4th and tank top burn mark electrical and piping support power tooling and painting",BANGLADESHI,Painter,SEMI SKILLED,28/09/2021   07:30,28/09/2021   18:30,0,,10.0,11.0
199,G8817065U,NAIM MD,KS,T21667 GIMI,KS-DAY SHIFT A -wef 200801,"To carry out engine room 1st,2nd,3rd,4th and tank top burn mark electrical and piping support power tooling and painting",BANGLADESHI,Painter,SEMI SKILLED,28/09/2021   07:30,28/09/2021   18:30,0,,10.0,11.0
200,G8817902T,YOUNUS,KS,T21667 GIMI,KS-DAY SHIFT A -wef 200801,"To carry out engine room 1st,2nd,3rd,4th and tank top burn mark electrical and piping support power tooling and painting",BANGLADESHI,Painter,SEMI SKILLED,28/09/2021   07:30,28/09/2021   18:30,0,,10.0,11.0
201,G8816799L,ISLAM DIDAR,KS,T21667 GIMI,KS-DAY SHIFT A -wef 200801,"To carry out engine room 1st,2nd,3rd,4th and tank top burn mark electrical and piping support power tooling and painting",BANGLADESHI,Painter,SEMI SKILLED,28/09/2021   07:30,28/09/2021   18:30,0,,10.0,11.0
202,G8816972M,RASID HARUNUR,KS,T21667 GIMI,KS-DAY SHIFT A -wef 200801,"To carry out engine room 1st,2nd,3rd,4th and tank top burn mark electrical and piping support power tooling and painting",BANGLADESHI,Painter,SEMI SKILLED,28/09/2021   07:30,28/09/2021   18:30,0,,10.0,11.0
203,G8401155Q,MONDOL SUJAN,KS,T21667 GIMI,KS-DAY SHIFT A -wef 200801,"To carry out engine room 1st,2nd,3rd,4th and tank top burn mark electrical and piping support power tooling and painting",BANGLADESHI,Painter,SEMI SKILLED,28/09/2021   07:30,28/09/2021   18:30,0,,10.0,11.0
204,G8816711U,SARDER MD HAFIZUL,KS,T21667 GIMI,KS-DAY SHIFT A -wef 200801,"To carry out engine room 1st,2nd,3rd,4th and tank top burn mark electrical and piping support power tooling and painting",BANGLADESHI,Painter,SEMI SKILLED,28/09/2021   07:30,28/09/2021   18:30,0,,10.0,11.0
